state,district,rainfall_mm,area_ha,recharge_ham,extractable_ham,extraction_ham,stage_pct,net_availability_ham
ANDAMAN AND NICOBAR ISLANDS,N & M ANDAMAN,3015.7,344146.0,16528.26,14875.42,346.11,2.33,14522.18
ANDAMAN AND NICOBAR ISLANDS,NICOBAR,2805.2,194166.0,11360.78,10224.69,92.6,0.9,9819.28
ANDAMAN AND NICOBAR ISLANDS,SOUTH ANDAMAN,3015.7,246845.0,10797.72,9717.96,347.12,3.57,9362.07
ANDHRA PRADESH,ALLURI SITHARAMA RAJU,1257.83,1225342.39,52755.61,50117.56,2146.48,4.28,47784.38
ANDHRA PRADESH,ANAKAPALLI,1182.55,429245.07,72897.45,69252.24,21723.97,31.37,45060.58
ANDHRA PRADESH,ANANTHAPURAMU,515.03,1044311.0,126120.02,119813.93,41819.1,34.9,78907.83
ANDHRA PRADESH,ANNAMAYYA,748.15,794528.0,89392.83,84922.96,33249.92,39.15,51486.28
ANDHRA PRADESH,BAPATLA,826.52,382885.0,104269.44,99055.89,17962.58,25.73,51238.99
ANDHRA PRADESH,CHITTOOR,906.29,685899.0,83026.46,78874.99,43504.74,55.16,35646.03
ANDHRA PRADESH,EAST GODAVARI,1144.7,257634.73,112883.33,107239.03,36250.71,33.8,71814.87
ANDHRA PRADESH,ELURU,1079.02,659821.87,175445.05,166672.71,47745.28,33.88,93432.2
ANDHRA PRADESH,GUNTUR,895.11,245303.86,64969.58,61721.14,10747.36,21.08,39592.76
ANDHRA PRADESH,KAKINADA,1103.58,301979.52,145841.15,138548.96,22400.93,16.93,90092.9
ANDHRA PRADESH,KONASEEMA,1304.93,208095.9,141918.55,134822.44,10767.13,10.51,91363.82
ANDHRA PRADESH,KRISHNA,1057.16,388056.0,217419.08,206547.91,49000.19,32.01,101943.32
ANDHRA PRADESH,KURNOOL,610.15,797741.0,68072.73,64668.8,19733.2,30.51,44552.76
ANDHRA PRADESH,NANDYAL,716.04,968615.0,106376.86,101057.8,12791.73,12.66,88266.07
ANDHRA PRADESH,NTR,1032.24,318124.0,73304.69,69639.44,24763.28,35.56,44937.13
ANDHRA PRADESH,PALNADU,750.85,730123.86,114496.59,108771.59,40563.85,37.52,70415.53
ANDHRA PRADESH,PARVATHIPURAM MANYAM,1168.07,414876.25,93903.39,89208.17,22507.56,25.23,67917.17
ANDHRA PRADESH,PRAKASAM,790.4,1425000.0,101106.65,96051.12,47476.72,50.22,54724.49
ANDHRA PRADESH,SRI POTTI SRIRAMULU NELLORE,1040.05,1045684.61,190351.24,180833.37,44136.85,24.41,136911.96
ANDHRA PRADESH,SRI SATHYA SAI,589.84,868689.0,125358.87,119090.71,68401.25,57.44,56553.72
ANDHRA PRADESH,SRIKAKULAM,1170.33,459287.45,101676.99,96592.7,34894.44,36.43,64615.42
ANDHRA PRADESH,TIRUPATI,1065.57,822940.18,170149.59,161641.89,55683.98,36.42,97277.57
ANDHRA PRADESH,VISAKHAPATNAM,1140.58,100167.25,13072.16,12418.6,5445.76,43.85,6032.5
ANDHRA PRADESH,VIZIANAGARAM,1109.88,412919.72,143572.8,136393.89,37178.99,27.27,101465.78
ANDHRA PRADESH,WEST GODAVARI,1117.26,227837.0,139036.9,132084.82,5282.13,9.91,44204.41
ANDHRA PRADESH,Y.S.R KADAPA,685.42,1122617.99,107650.51,102267.89,38790.75,37.93,64472.82
ARUNACHAL PRADESH,ANJAW,,619000.0,0.0,0.0,,,0.0
ARUNACHAL PRADESH,CHANGLANG,2222.9,466200.0,30107.52,27096.75,247.62,0.91,26806.36
ARUNACHAL PRADESH,DIBANG VALLEY,,912900.0,0.0,0.0,,,0.0
ARUNACHAL PRADESH,EAST KAMENG,2026.3,413400.0,17565.95,15809.36,108.82,0.69,15691.77
ARUNACHAL PRADESH,EAST SIANG,4398.6,360300.0,80011.64,71985.0,179.02,0.25,71795.3
ARUNACHAL PRADESH,KURUNG KUMEY,,604000.0,0.0,0.0,,,0.0
ARUNACHAL PRADESH,LOHIT,2998.2,521200.0,121672.0,109376.97,273.72,0.25,109054.75
ARUNACHAL PRADESH,LOWER DIBANG VALLEY,3996.1,390000.0,79625.49,71662.94,248.13,0.35,71412.15
ARUNACHAL PRADESH,LOWER SUBANSIRI,1444.4,350800.0,5009.69,4485.54,39.79,0.89,4425.59
ARUNACHAL PRADESH,PAPUM PARE,3199.6,346200.0,10823.98,9593.23,148.68,1.55,9361.85
ARUNACHAL PRADESH,TAWANG,,217200.0,0.0,0.0,,,0.0
ARUNACHAL PRADESH,TIRAP,2907.3,236200.0,8668.97,7802.07,55.54,0.71,7739.62
ARUNACHAL PRADESH,UPPER SIANG,,659000.0,0.0,0.0,,,0.0
ARUNACHAL PRADESH,UPPER SUBANSIRI,1735.4,703200.0,2699.78,2429.81,21.28,0.88,2405.06
ARUNACHAL PRADESH,WEST KAMENG,2388.7,742200.0,3352.26,3017.04,13.15,0.44,3002.13
ARUNACHAL PRADESH,WEST SIANG,2891.9,832500.0,6199.6,5579.64,8.01,0.14,5571.4
ASSAM,BAKSA,3274.6,246256.0,137557.89,124570.51,4481.3,3.6,119830.44
ASSAM,BARPETA,2051.5,228200.0,90152.41,84134.02,35413.31,42.09,47562.71
ASSAM,BONGAIGAON,3102.4,109300.0,50673.88,45184.03,16070.11,35.57,28651.17
ASSAM,CACHAR,3311.9,378600.0,55235.1,45780.28,1435.96,3.14,43963.29
ASSAM,CHIRANG,3218.7,192300.0,91412.41,82094.02,2425.61,2.95,79538.11
ASSAM,DARRANG,1951.2,158500.0,53985.69,49403.59,24662.95,49.92,24100.24
ASSAM,DHEMAJI,2859.3,323700.0,103935.72,90320.29,4321.69,4.78,85596.9
ASSAM,DHUBRI,2752.8,217600.0,99176.55,89765.61,27537.37,30.68,60631.17
ASSAM,DIBRUGARH,2649.4,338100.0,132597.75,118196.86,4974.8,4.21,112830.45
ASSAM,DIMA HASAO,2791.8,488800.0,62878.11,56590.29,283.52,0.5,56266.02
ASSAM,GOALPARA,2583.2,182400.0,60922.47,53393.2,17377.44,32.55,35253.44
ASSAM,GOLAGHAT,1751.7,350200.0,106034.24,99320.89,5725.81,5.76,93281.85
ASSAM,HAILAKANDI,2838.3,132700.0,26388.32,23098.97,546.03,2.36,22397.17
ASSAM,JORHAT,2265.3,285100.0,76732.67,64756.14,10261.89,15.85,54340.16
ASSAM,KAMRUP,1896.2,310500.0,87873.41,78093.38,14958.56,19.15,62341.74
ASSAM,KAMRUP (M),1813.4,95457.0,16819.92,15408.39,5230.51,33.95,10098.61
ASSAM,KARBI ANGLONG,1122.2,1043400.0,130546.02,117755.33,2592.68,2.2,114718.69
ASSAM,KARIMGANJ,3751.0,180900.0,42275.76,35753.18,1413.34,3.95,33944.57
ASSAM,KOKRAJHAR,3102.4,329600.0,160531.22,145008.5,9474.01,6.53,135429.05
ASSAM,LAKHIMPUR,3270.3,227700.0,85149.82,73091.06,7808.34,10.68,64741.26
ASSAM,MORIGAON,1884.8,155100.0,42340.98,37438.5,7942.9,21.22,28746.28
ASSAM,NAGAON,1884.8,397300.0,129096.03,113614.14,40318.45,35.49,72754.48
ASSAM,NALBARI,1896.2,104644.0,37595.89,33836.29,11498.11,33.98,22279.81
ASSAM,SIBSAGAR,2412.4,266800.0,97133.4,88201.34,5645.31,6.4,82357.79
ASSAM,SONITPUR,1978.7,520400.0,153172.07,137144.56,14227.64,10.37,122125.74
ASSAM,TINSUKIA,2322.6,379000.0,128858.23,114753.5,10796.49,9.41,103551.16
ASSAM,UDALGURI,1957.8,201200.0,53442.29,47710.65,5717.07,11.98,41817.99
BIHAR,ARARIA,1632.2,278937.0,154530.67,141181.71,30224.68,21.41,106233.56
BIHAR,ARWAL,874.4,63683.0,21129.94,19075.19,10005.15,52.45,8441.79
BIHAR,AURANGABAD,974.9,330284.0,131132.11,118753.71,40859.05,34.41,74440.73
BIHAR,BANKA,974.9,301954.0,72398.8,65462.86,28061.78,42.87,34994.37
BIHAR,BEGUSARAI,1090.7,189131.0,56281.56,50653.36,34275.28,67.67,12668.25
BIHAR,BHAGALPUR,1207.9,260255.0,79788.7,72112.64,33763.57,46.82,35785.11
BIHAR,BHOJPUR,1051.5,227530.0,89435.37,80491.84,40231.42,49.98,37677.84
BIHAR,BUXAR,975.4,171006.0,64652.31,58367.22,27668.49,47.4,29366.65
BIHAR,DARBHANGA,1123.6,250429.0,78109.77,70422.18,41020.09,58.25,26070.92
BIHAR,EAST CHAMPARAN,1197.7,395887.0,193736.69,176663.17,80394.84,45.51,87998.3
BIHAR,GAYA,1003.9,498586.0,134680.75,121604.75,67603.76,55.59,50011.48
BIHAR,GOPALGANJ,1135.5,201913.0,105702.48,95682.65,54790.42,57.26,38755.91
BIHAR,JAMUI,1107.3,309826.0,49872.76,45012.36,18771.27,41.7,27211.49
BIHAR,JEHANABAD,936.6,93257.0,34597.11,31147.61,25547.76,82.02,5609.31
BIHAR,KAIMUR,1126.3,336206.0,81825.16,74653.62,32702.04,43.81,39976.13
BIHAR,KATIHAR,1342.7,300991.0,119702.71,109422.24,46831.3,42.8,59289.99
BIHAR,KHAGARIA,1233.9,148572.0,47985.62,44158.22,27775.78,62.9,13714.01
BIHAR,KISHANGANJ,2090.6,191143.0,67996.83,62664.8,22055.2,35.2,37883.71
BIHAR,LAKHISARAI,1146.8,122774.0,43070.33,38763.27,12461.87,32.15,25110.06
BIHAR,MADHEPURA,1392.7,178840.0,108651.83,98038.44,36852.18,37.59,57705.9
BIHAR,MADHUBANI,1293.3,348645.0,143570.03,130736.8,60164.21,46.02,65670.82
BIHAR,MUNGER,1146.8,139550.0,41904.77,37833.57,13991.86,36.98,22637.9
BIHAR,MUZAFFARPUR,1154.5,304277.0,123462.49,111162.45,72471.01,65.19,34545.39
BIHAR,NALANDA,1002.2,234996.0,68770.2,62276.36,47126.48,75.67,12894.89
BIHAR,NAWADA,1041.8,248657.0,73094.08,65961.42,32846.45,49.8,31604.47
BIHAR,PATNA,1074.8,320084.0,108716.22,98029.81,59747.83,60.95,34932.58
BIHAR,PURNEA,1598.2,320239.0,169604.57,153922.23,58094.92,37.74,91237.66
BIHAR,ROHTAS,949.1,383926.0,126082.26,114671.24,34661.96,30.23,77373.63
BIHAR,SAHARSA,1692.9,166128.0,68751.29,63348.59,23573.2,37.21,37463.0
BIHAR,SAMASTIPUR,1192.3,261287.0,88644.19,79958.0,54648.73,68.35,20532.47
BIHAR,SARAN,1123.8,262957.0,111496.83,100795.6,42468.58,42.13,54682.86
BIHAR,SHEIKHPURA,1008.4,68809.0,18704.17,16973.15,9984.71,58.83,6556.2
BIHAR,SHEOHAR,1293.1,44299.0,18074.55,16443.37,9065.05,55.13,6464.08
BIHAR,SITAMARHI,1293.1,218520.0,70842.48,65866.83,30686.44,46.59,30415.18
BIHAR,SIWAN,1135.4,222307.0,106397.23,96578.65,52352.48,54.21,40822.37
BIHAR,SUPAUL,1273.8,241026.0,111425.0,101447.59,33512.08,33.03,64659.09
BIHAR,VAISHALI,1176.5,199518.0,80439.67,72896.53,46397.41,63.65,25326.68
BIHAR,WEST CHAMPARAN,1472.0,434438.0,185349.09,168862.7,53263.53,31.54,109710.93
CHANDIGARH,CHANDIGARH,1009.8,11400.0,5318.43,4786.58,3206.89,67.0,582.08
CHHATTISGARH,BALOD,1122.9,280874.0,40537.46,36617.22,26589.29,72.61,10323.74
CHHATTISGARH,BALODA BAZAR,1396.68,406748.0,68035.69,61336.95,26888.98,43.84,33939.61
CHHATTISGARH,BALRAMPUR,1317.0,713920.0,53542.15,48726.04,13956.84,28.64,34679.1
CHHATTISGARH,BASTAR,1362.6,612998.0,27585.4,25516.45,9840.53,38.57,15607.74
CHHATTISGARH,BEMETARA,1122.9,285481.0,47559.83,42803.84,39515.41,92.32,4146.85
CHHATTISGARH,BIJAPUR,1528.1,661248.0,52298.87,47068.97,5230.5,11.11,41815.87
CHHATTISGARH,BILASPUR,1114.46,350848.0,51574.25,46974.97,29083.28,61.91,19486.08
CHHATTISGARH,DANTEWADA,1327.9,341050.0,26944.67,25120.76,4818.25,19.18,20271.54
CHHATTISGARH,DHAMTARI,1385.3,408193.0,69236.85,62313.17,46081.57,73.95,16191.02
CHHATTISGARH,DURG,1122.9,231999.0,43228.39,38905.55,29555.78,75.97,10623.26
CHHATTISGARH,GARIABAND,1385.3,582266.0,37123.77,33978.58,21375.89,62.91,12486.16
CHHATTISGARH,GOURELA-PENDRA-MARWAHI,1229.8,230739.0,14051.76,12812.38,5273.85,41.16,7392.63
CHHATTISGARH,JANJGIR-CHAMPA,1386.0,237558.0,48623.17,44100.76,11336.82,25.71,32619.9
CHHATTISGARH,JASHPUR,1482.74,645741.0,36683.38,33849.37,17729.27,52.38,16071.75
CHHATTISGARH,KABIRDHAM,1117.0,444705.0,73122.15,65847.08,39130.77,59.43,27487.66
CHHATTISGARH,KANKER,1397.51,643448.0,71204.29,66203.36,26062.08,39.37,40078.22
CHHATTISGARH,KHAIRAGARH-CHHUIKHADAN_GANDAI,1208.7,156559.0,19737.49,17975.63,11374.54,63.28,6545.42
CHHATTISGARH,KONDAGAON,1362.4,386027.0,38999.44,36028.57,16288.94,45.21,19911.5
CHHATTISGARH,KORBA,1392.0,714544.0,49902.82,46997.09,16768.39,35.68,30060.19
CHHATTISGARH,KOREA,1317.0,91692.0,15215.74,14202.74,7016.53,49.4,7172.84
CHHATTISGARH,MAHASAMUND,1406.24,496300.0,102935.55,94105.68,56889.0,60.45,37103.37
CHHATTISGARH,MANENDRAGARH-CHIRMIRI_BHARATPUR,1317.0,506078.0,49937.9,47266.0,9903.02,20.95,37340.24
CHHATTISGARH,MOHLA-MANPUR_AMBAGARHCHOWKI,1208.7,238998.0,16827.1,15144.39,5816.76,38.41,9311.58
CHHATTISGARH,MUNGELI,1351.0,275036.0,26845.57,24514.69,11319.44,46.17,12929.29
CHHATTISGARH,NARAYANPUR,1404.1,691316.0,28045.96,25241.36,2621.34,10.39,22520.44
CHHATTISGARH,RAIGARH,1466.0,520389.0,42629.55,39100.27,17126.22,43.8,21864.89
CHHATTISGARH,RAIPUR,1376.34,289198.0,50838.52,46265.25,27771.02,60.03,19082.98
CHHATTISGARH,RAJNANDGAON,1208.7,272460.0,39358.73,36228.52,24405.79,67.37,11216.87
CHHATTISGARH,SAKTI,1386.0,185388.0,32962.5,29666.26,14302.03,48.21,15254.45
CHHATTISGARH,SARANGARH-BILAIRAGH,1418.41,255938.0,24702.91,22549.72,8965.1,39.76,13443.9
CHHATTISGARH,SUKMA,1403.85,563579.0,45924.83,41767.19,2385.02,5.71,39371.84
CHHATTISGARH,SURAJPUR,1241.81,278720.0,40857.58,38028.39,24469.62,64.35,13482.53
CHHATTISGARH,SURGUJA,1369.15,519115.0,43185.86,39608.75,19795.49,49.98,19756.55
DADRA AND NAGAR HAVELI,DADRA NAGAR HAVELI,2265.7,49100.0,9820.05,9095.78,3178.65,34.95,4001.94
DAMAN AND DIU,DAMAN,2194.78,7200.0,2536.66,2409.83,1453.23,60.3,956.6
DAMAN AND DIU,DIU,848.24,4000.0,186.82,177.48,93.35,52.6,77.68
DELHI,CENTRAL,652.0,7930.5,2566.99,2310.29,1747.05,75.62,563.24
DELHI,EAST,652.0,3159.9,1668.32,1501.49,1447.79,96.42,72.21
DELHI,NAZUL LAND,652.0,2579.0,571.42,514.28,337.92,65.71,176.36
DELHI,NEW DELHI,652.0,15809.0,3028.98,2726.07,3359.65,123.24,8.57
DELHI,NORTH,652.0,29114.0,4724.52,4252.06,3789.81,89.13,462.25
DELHI,NORTH EAST,652.0,3567.2,1813.6,1632.23,1730.39,106.01,50.42
DELHI,NORTH WEST,652.0,15436.0,3873.46,3486.13,2259.86,64.82,1226.26
DELHI,SHAHDARA,652.0,3458.5,1650.6,1485.55,1666.96,112.21,13.3
DELHI,SOUTH,652.0,15785.0,4527.25,4074.53,4213.53,103.41,138.13
DELHI,SOUTH EAST,652.0,10352.0,2664.13,2397.71,2115.95,88.25,224.84
DELHI,SOUTH WEST,652.0,30516.0,7379.79,6641.81,5888.2,88.65,137.68
DELHI,WEST,652.0,11054.0,3835.35,3535.0,3271.12,92.54,359.51
GOA,GOA NORTH,3354.45,146310.0,16495.44,13196.35,3604.86,27.32,9253.65
GOA,SOUTH GOA,3355.93,223887.7,21631.23,17304.99,3500.48,20.23,13397.21
GUJARAT,AHMEDABAD,700.66,707726.04,570275.12,514367.92,79606.26,82.76,16338.36
GUJARAT,AMRELI,735.33,747846.72,154118.93,146412.97,84301.83,57.31,61636.38
GUJARAT,ANAND,859.29,304119.14,136184.07,126312.95,37397.09,29.44,77621.12
GUJARAT,ARVALLI,900.77,316889.62,90977.95,86429.06,38021.78,43.99,47968.29
GUJARAT,BANASKANTHA,686.13,1079944.62,195470.89,175923.8,189997.09,121.47,11586.86
GUJARAT,BHARUCH,805.15,550688.3,96450.9,88194.93,21527.05,27.25,45938.53
GUJARAT,BHAVNAGAR,690.74,728147.99,126363.84,120025.94,53604.8,44.89,57876.9
GUJARAT,BOTAD,713.71,248479.86,52266.34,49651.2,28663.26,57.27,18199.17
GUJARAT,CHHOTA UDEPUR,1118.58,343791.29,63315.43,56983.89,25844.31,45.35,30742.27
GUJARAT,DAHOD,724.15,364129.34,37440.75,34036.87,13864.44,40.73,19142.97
GUJARAT,DANG,2388.39,180436.8,34657.05,31191.34,3955.85,12.68,27092.24
GUJARAT,DEVBHUMI DWARKA,919.3,432881.98,51178.51,48619.58,33714.17,70.32,12674.36
GUJARAT,GANDHINAGAR,794.83,215520.64,65081.58,59394.25,64309.15,111.28,9669.31
GUJARAT,GIR SOMNATH,1107.9,328588.35,81003.74,74587.48,35965.58,49.05,35377.6
GUJARAT,JAMNAGAR,808.29,642447.39,143069.45,135906.12,61427.66,43.62,73256.38
GUJARAT,JUNAGADH,1181.57,555266.25,169228.55,160761.74,77221.39,47.41,78655.12
GUJARAT,KACHCHH,560.35,2049135.78,212605.62,192955.99,118478.3,51.79,43127.67
GUJARAT,KHEDA,859.3,343764.3,97586.54,89296.48,40428.62,41.4,46046.93
GUJARAT,MAHESANA,760.21,443175.98,288609.29,260170.41,114391.28,108.74,6308.82
GUJARAT,MAHISAGAR,751.59,249997.06,34133.22,30719.91,15524.4,50.54,15006.04
GUJARAT,MORBI,626.03,499269.72,88110.99,82049.88,41460.76,51.75,32254.46
GUJARAT,NARMADA,1122.7,280232.38,41651.91,38657.36,25842.19,66.85,12713.52
GUJARAT,NAVSARI,1894.64,222610.15,83393.21,77262.45,23997.31,31.1,52907.11
GUJARAT,PANCHMAHAL,912.1,329041.41,58191.96,54298.11,14686.57,27.05,39252.42
GUJARAT,PATAN,627.47,568650.77,114556.21,103803.44,71118.29,118.57,11.7
GUJARAT,PORBANDAR,843.63,230540.68,38392.27,35640.86,20799.24,56.54,9264.21
GUJARAT,RAJKOT,809.39,776258.82,177921.58,169025.48,113042.88,65.89,56981.25
GUJARAT,RANA AND KUTCH,,0.0,0.0,0.0,,,0.0
GUJARAT,SABARKANTHA,919.29,424920.4,85146.19,76631.54,57717.98,75.32,20373.0
GUJARAT,SURAT,1551.19,421582.38,156015.92,143734.67,59091.48,42.11,78135.46
GUJARAT,SURENDRANAGAR,606.88,927607.21,236416.56,217434.33,64507.06,51.76,36251.96
GUJARAT,TAPI,1484.27,318572.36,77214.78,71235.27,26421.49,37.09,44350.21
GUJARAT,VADODARA,897.58,406398.89,128111.91,120044.88,67426.32,66.53,33976.39
GUJARAT,VALSAD,2487.5,300896.73,77119.09,69407.17,21717.54,31.29,46464.66
HARYANA,AMBALA,1065.56,151204.89,43047.91,38743.1,50427.47,130.16,729.73
HARYANA,BHIWANI,346.87,329727.39,43427.69,39084.92,57563.43,110.9,7146.4
HARYANA,CHARKHI DADRI,425.3,137349.69,19140.19,17419.14,26183.41,139.59,3851.36
HARYANA,FARIDABAD,601.54,74278.42,14952.38,13642.38,24923.78,175.38,431.67
HARYANA,FATEHABAD,297.59,252512.38,65804.25,59223.82,105358.68,177.9,953.75
HARYANA,GURGAON,559.49,126034.69,25101.59,22591.43,43961.99,194.6,0.0
HARYANA,HISAR,475.57,407527.3,71752.14,66085.71,51669.35,72.71,24896.64
HARYANA,JHAJJAR,464.15,193464.79,49763.68,45688.38,23363.15,49.6,23027.23
HARYANA,JIND,395.75,275091.45,75827.05,68244.35,90133.8,116.25,3754.35
HARYANA,KAITHAL,483.55,227414.15,46490.41,41841.37,82409.09,196.96,0.0
HARYANA,KARNAL,649.35,247051.7,117707.19,105936.46,183836.83,173.53,0.0
HARYANA,KURUKSHETRA,624.24,168420.28,41823.66,37850.67,85366.76,225.54,0.0
HARYANA,MAHENDRAGARH,332.92,194082.76,22007.12,19806.38,31067.04,156.85,0.0
HARYANA,MEWAT,434.98,150232.22,19276.64,17417.06,16309.79,72.31,5453.97
HARYANA,PALWAL,441.59,135955.17,44225.6,40387.35,37151.91,91.99,7188.23
HARYANA,PANCHKULA,1379.0,88286.75,14581.69,13446.0,8344.67,62.06,5101.33
HARYANA,PANIPAT,478.91,130273.18,52622.49,47360.25,104773.62,217.84,0.0
HARYANA,REWARI,541.91,150887.81,28813.1,26482.73,35377.9,133.17,147.02
HARYANA,ROHTAK,445.59,166907.11,36558.95,32903.05,22623.47,48.79,16848.18
HARYANA,SIRSA,283.66,426992.75,66585.31,60874.51,151277.92,159.72,3039.55
HARYANA,SONIPAT,451.84,215722.33,69092.53,62183.27,69371.43,108.73,5917.95
HARYANA,YAMUNA NAGAR,901.0,171777.26,58778.3,52900.48,70456.9,133.19,2761.06
HIMACHAL PRADESH,BLS,1506.9,39500.0,2722.7,2450.43,1143.21,46.65,1307.22
HIMACHAL PRADESH,KNG,1110.7,6578.64,743.54,669.18,412.53,61.65,256.65
HIMACHAL PRADESH,LAS,1618.3,8200.0,1928.3,1831.89,662.54,36.17,1169.35
JAMMU AND KASHMIR,ANANTNAG,967.4,92388.87,11095.36,9985.78,2366.96,23.7,7618.82
JAMMU AND KASHMIR,BANDIPORA,774.1,51382.84,4743.37,4272.11,673.14,15.76,3598.98
JAMMU AND KASHMIR,BARAMULLA,920.9,121670.13,10927.68,9834.88,2215.84,22.53,7619.04
JAMMU AND KASHMIR,BARMULLA,,0.0,0.0,0.0,,,0.0
JAMMU AND KASHMIR,BUDGAM,717.1,60782.85,5269.08,4742.16,1324.54,27.93,3417.62
JAMMU AND KASHMIR,DODA,1268.7,109988.24,1039.93,935.94,192.52,20.57,743.43
JAMMU AND KASHMIR,GANDERBAL,914.4,15170.58,1078.69,970.82,446.15,45.96,524.67
JAMMU AND KASHMIR,JAMMU,1361.2,250049.2,45675.68,41150.83,13639.44,33.14,27511.4
JAMMU AND KASHMIR,KATHUA,1871.7,247812.52,34021.9,30704.77,7345.65,23.92,23359.12
JAMMU AND KASHMIR,KISHTWAR,1268.7,258828.29,1320.95,1188.86,186.34,15.67,1002.52
JAMMU AND KASHMIR,KULGAM,1228.1,42340.83,6791.33,6112.2,1254.75,20.53,4857.45
JAMMU AND KASHMIR,KUPWARA,,0.0,0.0,0.0,,,0.0
JAMMU AND KASHMIR,KUPWARAR,1057.1,82347.3,6207.2,5586.49,1199.43,21.47,4387.06
JAMMU AND KASHMIR,MIRPUR,,0.0,0.0,0.0,,,0.0
JAMMU AND KASHMIR,MUZAFFARABAD,,0.0,0.0,0.0,,,0.0
JAMMU AND KASHMIR,POONCH,1337.0,167232.7,5136.51,4622.86,782.4,16.92,3840.46
JAMMU AND KASHMIR,PULWAMA,578.7,50864.54,5789.82,5210.82,1988.9,38.17,3221.92
JAMMU AND KASHMIR,RAJOURI,1188.4,281875.46,17791.71,16012.55,2021.42,12.62,13991.13
JAMMU AND KASHMIR,RAMBAN,1468.4,64657.42,739.87,665.88,211.91,31.82,453.97
JAMMU AND KASHMIR,REASI,2189.0,213325.28,24280.3,21852.28,2403.63,11.0,19448.65
JAMMU AND KASHMIR,SAMBA,1043.5,104422.29,17195.01,15582.24,2727.03,17.5,12855.22
JAMMU AND KASHMIR,SHOPIAN,806.9,29657.91,5275.75,4748.18,1026.36,21.62,3721.82
JAMMU AND KASHMIR,SRINAGAR,815.7,87500.0,13653.51,12288.16,6947.93,56.54,5340.23
JAMMU AND KASHMIR,SRINAGAR HILLY AREA,,0.0,0.0,0.0,,,0.0
JAMMU AND KASHMIR,UDHAMPUR,1632.2,249889.25,12207.07,10986.36,2356.22,21.45,8630.15
JHARKHAND,BOKARO,1208.84,285938.0,20520.19,18726.86,9190.74,49.08,10100.18
JHARKHAND,CHATRA,1148.25,393189.0,25493.71,23461.97,9739.32,41.51,13708.38
JHARKHAND,DEOGHAR,1309.02,255105.0,16960.59,15910.72,8626.07,54.22,7263.64
JHARKHAND,DHANBAD,1388.33,247851.0,28048.78,26371.51,19681.13,74.63,6850.19
JHARKHAND,DUMKA,1422.65,371643.0,29902.74,26912.47,6423.17,23.87,20471.19
JHARKHAND,EAST SINGHBHUM,1438.36,363335.0,28642.33,25778.08,7783.56,30.19,18716.23
JHARKHAND,GARHWA,1088.73,404475.0,27467.46,24720.72,9912.65,40.1,14790.83
JHARKHAND,GIRIDIH,1241.59,508490.0,38361.77,34525.55,15261.61,44.2,19230.25
JHARKHAND,GODDA,1180.23,211109.0,22860.85,20574.76,4756.77,23.12,15800.05
JHARKHAND,GUMLA,1369.15,534726.0,35584.71,32026.22,5764.02,18.0,26248.82
JHARKHAND,HAZARIBAGH,1338.26,431046.0,35939.87,32345.86,11887.15,36.75,20434.38
JHARKHAND,JAMTARA,1443.8,180429.0,10267.58,9240.81,3891.87,42.12,5338.03
JHARKHAND,KHUNTI,1409.24,260017.0,14577.07,13119.37,3471.44,26.46,9640.59
JHARKHAND,KODERMA,1129.6,149670.0,7328.06,6595.24,4114.3,62.38,2470.79
JHARKHAND,LATEHAR,1279.46,361261.0,24630.24,22167.2,6677.76,30.12,15479.45
JHARKHAND,LOHARDAGA,1238.59,149246.0,17640.48,15876.41,2783.09,17.53,13086.9
JHARKHAND,PAKUR,1660.18,180559.0,27110.27,24399.26,3603.45,14.77,20784.45
JHARKHAND,PALAMAU,1023.89,451659.0,33270.8,29943.68,11267.05,37.63,18649.68
JHARKHAND,RAMGARH,1307.76,139565.0,12775.5,11497.95,6567.88,57.12,4980.88
JHARKHAND,RANCHI,1314.06,498221.0,39705.26,35734.74,16522.98,46.24,19168.21
JHARKHAND,SAHEBGANJ,1564.25,170205.0,30432.74,27389.47,4611.11,16.84,22762.29
JHARKHAND,SARAIKELA KHARSAWAN,1322.67,268217.0,18154.24,16338.81,3860.36,23.63,12463.2
JHARKHAND,SIMDEGA,1547.74,375229.0,27983.42,25185.07,3240.72,12.87,21936.14
JHARKHAND,WEST SINGHBHUM,1329.25,722220.0,48790.01,43911.02,5133.5,11.69,38756.54
KARNATAKA,BAGALKOT,661.15,656192.0,68522.5,61670.26,48647.69,78.88,26084.53
KARNATAKA,BALLARI,628.69,422617.0,72840.39,65556.34,16678.97,25.44,48513.17
KARNATAKA,BELAGAVI,845.01,1339891.0,118825.74,107484.71,75697.07,70.43,34681.89
KARNATAKA,BENGALURU (RURAL),849.75,230037.0,18678.56,16810.69,24673.99,146.78,0.0
KARNATAKA,BENGALURU (URBAN),889.07,219559.0,34265.4,30838.84,54669.77,177.28,0.0
KARNATAKA,BENGALURU SOUTH,886.32,352810.0,54568.86,49111.96,44780.88,91.18,7030.41
KARNATAKA,BIDAR,850.23,545453.0,37974.51,34195.2,23247.19,67.98,10428.6
KARNATAKA,CHAMARAJANAGARA,1105.27,563926.0,39714.96,36078.7,31883.25,88.37,5738.56
KARNATAKA,CHIKKABALLAPURA,919.22,425105.0,34170.92,30753.83,50946.32,165.66,0.0
KARNATAKA,CHIKKAMAGALURU,1244.7,720948.0,67772.97,61354.84,33872.68,55.21,27930.97
KARNATAKA,CHITRADURGA,569.35,843473.0,43540.66,39321.35,52314.42,133.04,993.25
KARNATAKA,DAKSHINA KANNADA,4031.8,486100.0,73327.88,65995.09,30166.07,45.71,34530.84
KARNATAKA,DAVANAGERE,732.57,447964.0,63708.03,57795.01,51198.05,88.59,18679.34
KARNATAKA,DHARWAD,770.68,425485.0,33068.74,29761.87,16919.44,56.85,12565.63
KARNATAKA,GADAG,710.9,465515.0,35499.84,32552.47,24546.92,75.41,9718.16
KARNATAKA,HASSAN,933.42,681866.0,87379.99,79141.3,48651.01,61.47,34513.63
KARNATAKA,HAVERI,823.72,481764.0,63312.72,56981.41,36777.92,64.54,21424.48
KARNATAKA,KALBURGI,837.58,1097529.0,74896.38,67425.4,31170.45,46.23,34781.56
KARNATAKA,KODAGU,2215.34,411339.0,23528.38,21292.87,7579.65,35.6,13586.64
KARNATAKA,KOLARA,822.02,398993.0,36703.06,33032.75,60922.59,184.43,0.0
KARNATAKA,KOPPAL,627.37,557604.0,66271.0,59856.23,36683.4,61.29,26672.58
KARNATAKA,MANDYA,733.24,495571.0,69663.29,63131.17,41570.44,65.85,24581.82
KARNATAKA,MYSURU,811.5,631056.0,73198.94,66020.4,30991.33,46.94,34569.37
KARNATAKA,RAICHUR,580.46,846992.0,86504.51,78483.52,34499.85,43.96,44519.05
KARNATAKA,SHIVAMOGGA,1916.37,847317.0,108236.42,98115.07,41606.45,42.41,58814.47
KARNATAKA,TUMAKURU,745.35,1060325.0,84999.81,76499.82,69943.86,91.43,14516.07
KARNATAKA,UDUPI,4419.64,357072.0,54766.61,49289.94,16183.73,32.83,32919.93
KARNATAKA,UTTARA KANNADA,2600.68,1029691.0,92723.99,83772.07,25580.44,30.54,57933.07
KARNATAKA,VIJAYANAGARA,649.75,566765.0,43384.98,39803.68,32116.83,80.69,9296.3
KARNATAKA,VIJAYAPURA,612.68,1050304.04,105433.72,95306.7,42848.26,44.96,53322.27
KARNATAKA,YADGIR,837.37,527499.0,59974.72,53977.25,20544.93,38.06,33553.19
KERALA,ALAPPUZHA,2688.5,141403.0,38971.95,35712.59,13283.16,37.19,22330.61
KERALA,ERNAKULAM,3146.2,294447.0,45976.71,41464.33,17643.89,42.55,23205.0
KERALA,IDUKKI,2921.58,435805.0,22784.44,20506.0,10137.66,49.44,10368.34
KERALA,KANNUR,3277.0,296796.0,42506.68,38256.01,17369.68,45.4,20383.82
KERALA,KASARGOD,3453.0,196130.0,34708.53,31237.67,21668.9,69.37,9058.29
KERALA,KOLLAM,2361.0,249100.0,35825.41,32335.72,15297.66,47.31,16809.47
KERALA,KOTTAYAM,2925.58,222088.0,42182.99,38224.58,12398.4,32.44,25663.94
KERALA,KOZHIKKODE,3364.4,234230.0,33178.26,29952.65,17405.51,58.11,11464.9
KERALA,MALAPPURAM,2726.2,354981.0,47643.78,43008.88,29128.51,67.73,10818.79
KERALA,PALAKKAD,2182.7,447622.0,61386.83,55651.81,31321.81,56.28,23266.72
KERALA,PATHANAMTHITTA,2776.4,262675.0,25871.78,23387.34,7292.32,31.18,16095.02
KERALA,THIRUVANANTHAPURAM,1818.94,218797.0,27683.69,25138.07,15778.16,62.77,8829.9
KERALA,THRISSUR,2965.9,302385.0,62856.27,57019.55,32475.08,56.95,23940.0
KERALA,WAYANAD,3060.4,213062.0,23907.75,21516.97,5244.91,24.38,16080.84
LADAKH,KARGIL,89.3,693000.0,1560.85,1404.78,479.72,34.15,925.06
LADAKH,LEH,62.4,2870600.0,5181.04,4662.92,1397.16,29.96,3265.76
LAKSHDWEEP,AMINI,1805.54,571.0,247.78,127.5,65.47,51.35,52.42
LAKSHDWEEP,ANDROTH,1805.54,712.0,311.88,161.91,86.68,53.54,62.51
LAKSHDWEEP,KAVARATTI,1805.54,634.0,269.72,136.17,101.66,74.66,19.57
LAKSHDWEEP,KILTAN,1805.54,267.0,114.46,58.22,25.51,43.82,28.97
LAKSHDWEEP,MINICOY,1968.0,437.0,199.43,99.09,57.53,58.06,33.11
MADHYA PRADESH,AGAR MALWA,961.8,272193.0,43306.08,41140.77,38175.78,92.79,5678.15
MADHYA PRADESH,ALIRAJPUR,917.5,331800.0,24092.76,22888.13,9591.32,41.91,12753.79
MADHYA PRADESH,ANUPPUR,1095.3,372400.0,27660.67,26277.63,7237.68,27.54,18927.87
MADHYA PRADESH,ASHOKNAGAR,912.6,467394.0,41157.3,39099.42,24462.42,62.56,14229.14
MADHYA PRADESH,BALAGHAT,1471.6,922900.0,75892.13,71524.88,17006.89,23.78,53976.21
MADHYA PRADESH,BARWANI,715.0,542200.0,56057.36,52968.69,37486.44,70.77,18614.05
MADHYA PRADESH,BETUL,1081.3,1004300.0,104478.26,99188.8,50296.81,50.71,48147.16
MADHYA PRADESH,BHIND,951.0,445900.0,96818.16,91194.17,30214.8,33.13,60208.98
MADHYA PRADESH,BHOPAL,1030.6,277237.0,38635.26,36703.5,30017.75,81.78,6240.18
MADHYA PRADESH,BURHANPUR,883.8,323300.0,37528.05,35651.65,24603.54,69.01,10536.66
MADHYA PRADESH,CHHATARPUR,1095.1,868736.0,88788.42,84341.63,54357.51,64.45,29124.96
MADHYA PRADESH,CHHINDWARA,1221.6,1003500.0,88260.54,82881.36,49994.57,60.32,32121.98
MADHYA PRADESH,DAMOH,1169.3,730600.0,40229.15,38217.72,22403.86,58.62,14966.35
MADHYA PRADESH,DATIA,963.8,269100.0,50025.78,46960.13,15727.01,33.49,30730.87
MADHYA PRADESH,DEWAS,1069.0,702084.0,87972.18,83573.56,67094.58,80.28,17771.68
MADHYA PRADESH,DHAR,902.3,815300.0,137816.27,130925.45,87247.38,66.64,53799.04
MADHYA PRADESH,DINDORI,1376.7,572500.0,32151.84,30544.25,4397.69,14.4,25605.21
MADHYA PRADESH,GUNA,1082.0,639000.0,91381.61,86812.52,57831.65,66.62,28262.81
MADHYA PRADESH,GWALIOR,879.0,456400.0,82607.36,78476.99,25935.85,33.05,52057.44
MADHYA PRADESH,HARDA,1374.5,333000.0,47480.42,45106.41,16950.58,37.58,27814.79
MADHYA PRADESH,HOSHANGABAD,1437.7,670400.0,186621.99,177290.89,47109.77,26.57,129908.41
MADHYA PRADESH,INDORE,924.2,389800.0,58596.41,55666.6,65662.91,117.96,2527.46
MADHYA PRADESH,JABALPUR,1227.3,522093.0,64498.39,61273.47,34077.38,55.62,26648.63
MADHYA PRADESH,JHABUA,935.9,346000.0,30042.85,28540.72,12460.33,43.66,14760.33
MADHYA PRADESH,KATNI,1171.4,489400.0,42668.92,40535.48,19011.64,46.9,20702.82
MADHYA PRADESH,KHANDWA,951.65,752450.0,122287.68,113374.18,45104.11,39.78,67427.3
MADHYA PRADESH,KHARGONE,950.3,803000.0,100575.34,95546.56,42796.69,44.79,51385.82
MADHYA PRADESH,MAIHAR,1075.5,237857.0,22672.25,21175.54,14869.25,70.22,5835.65
MADHYA PRADESH,MANDLA,1445.1,754400.0,45232.61,42970.97,10294.33,23.96,32076.63
MADHYA PRADESH,MANDSAUR,880.9,553006.0,71370.98,67802.42,67752.51,99.93,7622.55
MADHYA PRADESH,MAUGANJ,1143.1,186590.0,14237.16,13525.29,7200.98,53.24,5810.23
MADHYA PRADESH,MORENA,753.0,496889.0,78096.15,74191.34,31266.43,42.14,41096.05
MADHYA PRADESH,NARSINGHPUR,1243.1,513300.0,127610.98,121230.44,80649.36,66.53,40166.11
MADHYA PRADESH,NEEMUCH,854.85,420044.0,39547.16,37569.8,38123.74,101.47,2469.56
MADHYA PRADESH,NIWARI,978.4,156462.0,20432.98,19411.32,13033.59,67.14,5558.76
MADHYA PRADESH,PANDHURNA,1221.6,178000.0,20002.95,19002.81,13933.19,73.32,4985.62
MADHYA PRADESH,PANNA,1169.7,713500.0,53338.11,50374.84,19204.19,38.12,30550.44
MADHYA PRADESH,RAISEN,1154.6,846640.0,97045.63,91585.27,48166.87,52.59,42206.25
MADHYA PRADESH,RAJGARH,999.6,615498.0,94636.35,89904.53,79974.32,88.95,10200.12
MADHYA PRADESH,RATLAM,953.5,486100.0,84613.02,80128.09,106727.09,133.2,2274.69
MADHYA PRADESH,REWA,1143.1,444770.0,41365.63,39297.34,22417.69,57.05,15874.67
MADHYA PRADESH,SAGAR,1141.5,1025200.0,109143.64,103319.3,61907.76,59.92,40304.27
MADHYA PRADESH,SATNA,1075.5,514159.0,56978.62,54129.7,34060.3,62.92,22018.16
MADHYA PRADESH,SEHORE,1217.7,657800.0,70489.16,66964.71,43002.91,64.22,23368.86
MADHYA PRADESH,SEONI,1323.6,875800.0,69919.45,66423.48,30175.85,45.43,35444.46
MADHYA PRADESH,SHAHDOL,1080.7,584100.0,48259.51,45846.53,7662.77,16.71,37920.38
MADHYA PRADESH,SHAJAPUR,961.8,347325.0,56572.62,53743.99,56623.04,105.36,2182.91
MADHYA PRADESH,SHEOPUR,799.2,660600.0,55991.21,51584.3,19645.41,38.08,31348.73
MADHYA PRADESH,SHIVPURI,994.9,1027800.0,91482.57,85050.05,56456.9,66.38,27104.01
MADHYA PRADESH,SIDHI,1131.7,485400.0,31840.46,30248.44,11257.01,37.22,18632.8
MADHYA PRADESH,SINGRAULI,960.6,567200.0,36500.31,34675.29,15375.81,44.34,18425.58
MADHYA PRADESH,TIKAMGARH,978.4,348338.0,40365.92,38347.62,30803.16,80.33,5981.93
MADHYA PRADESH,UJJAIN,967.8,613023.0,99833.93,94842.23,102168.68,107.72,9257.94
MADHYA PRADESH,UMARIA,1194.6,453900.0,36375.15,34556.39,7024.6,20.33,27168.45
MADHYA PRADESH,VIDISHA,1087.6,737100.0,95026.06,90274.77,58759.23,65.09,30452.78
MAHARASHTRA,AHMEDNAGAR,573.23,1562475.0,162539.57,154403.95,117768.56,76.65,45300.64
MAHARASHTRA,AKOLA,782.04,514164.87,45732.15,42471.56,24753.19,63.48,13723.04
MAHARASHTRA,AMRAVATI,856.07,839239.0,94209.92,87290.1,65056.59,76.83,23618.28
MAHARASHTRA,AURANGABAD,667.87,950174.0,119395.66,113419.71,72814.94,64.2,40604.79
MAHARASHTRA,BEED,695.78,1035205.0,131065.22,124511.94,72919.72,58.56,51592.22
MAHARASHTRA,BHANDARA,1449.95,396497.0,93961.42,87058.59,26115.21,30.0,60860.33
MAHARASHTRA,BULDHANA,756.69,820615.0,94582.41,89469.35,64153.55,72.37,27329.2
MAHARASHTRA,CHANDRAPUR,1290.43,1047657.0,116615.24,110166.2,32802.59,29.78,77363.59
MAHARASHTRA,DHULE,643.36,642132.0,78037.15,73977.56,35781.54,48.37,38196.02
MAHARASHTRA,GADCHIROLI,1302.76,886649.1,107664.41,101387.27,26532.5,26.17,74854.77
MAHARASHTRA,GONDIA,1495.17,459704.75,66386.5,62122.83,16529.7,26.61,45593.13
MAHARASHTRA,HINGOLI,966.51,466241.0,103197.63,97987.61,38518.36,39.31,59553.88
MAHARASHTRA,JALGAON,687.25,1137883.0,144267.36,136342.26,106456.08,78.08,36967.11
MAHARASHTRA,JALNA,860.25,771800.0,97752.89,92823.52,45995.2,49.55,43919.25
MAHARASHTRA,KOLHAPUR,1674.1,562176.0,135723.11,127744.85,54336.81,42.54,73408.04
MAHARASHTRA,LATUR,725.74,663548.0,73565.41,69755.94,34503.29,49.46,35515.29
MAHARASHTRA,MUMBAI,2205.0,7004.0,1555.42,1477.65,680.14,46.03,797.51
MAHARASHTRA,MUMBAI SUB,2141.85,36494.0,7836.16,7263.56,1869.91,25.74,5393.65
MAHARASHTRA,NAGPUR,1164.94,799042.0,149110.1,140292.87,64092.79,45.68,76310.54
MAHARASHTRA,NANDED,1023.69,1017771.0,124988.6,118656.72,38252.33,32.24,80427.59
MAHARASHTRA,NANDURBAR,939.24,415278.0,52033.08,49375.13,20619.08,41.76,28756.04
MAHARASHTRA,NASHIK,981.92,1348856.0,201136.25,190044.61,109442.36,57.59,86314.42
MAHARASHTRA,OSMANABAD,768.63,671628.0,89993.0,85456.81,50933.74,59.6,34692.84
MAHARASHTRA,PALGHAR,2503.65,276086.0,22319.06,20916.8,4947.55,23.65,15969.25
MAHARASHTRA,PARBHANI,872.01,621400.0,86749.55,82219.01,38162.49,46.42,44056.54
MAHARASHTRA,PUNE,682.79,1275728.02,198782.13,186253.69,125261.38,63.23,73357.04
MAHARASHTRA,RAIGAD,2961.78,374759.0,37137.77,35244.12,6499.1,18.44,28774.25
MAHARASHTRA,RATNAGIRI,3473.19,511307.0,41347.18,39046.48,6938.05,17.77,32108.43
MAHARASHTRA,SANGLI,653.92,842758.24,156924.53,146665.11,94950.76,66.0,62841.45
MAHARASHTRA,SATARA,1199.7,877507.0,121178.45,113514.24,65726.4,57.9,48051.69
MAHARASHTRA,SINDHUDURG,3464.8,279305.5,23473.6,22292.25,9914.8,44.48,12377.45
MAHARASHTRA,SOLAPUR,663.55,1483890.0,147741.6,140354.46,100942.91,71.92,42317.29
MAHARASHTRA,THANE,2526.54,233447.0,17278.53,16319.27,3122.55,19.13,13196.72
MAHARASHTRA,WARDHA,957.32,581216.0,93929.15,89027.95,42567.91,47.81,46981.53
MAHARASHTRA,WASHIM,911.16,481196.42,63393.15,60105.41,34297.54,57.06,25807.87
MAHARASHTRA,YAWATMAL,1008.84,1144066.67,126092.12,119403.43,45102.62,37.77,74304.68
MANIPUR,BISHNUPUR,1987.59,49600.0,9682.52,8714.26,595.89,6.84,8091.22
MANIPUR,CHANDEL,,331300.0,0.0,0.0,,,0.0
MANIPUR,CHURACHANPUR,2133.46,457000.0,6643.47,5979.12,463.25,7.75,5514.74
MANIPUR,IMPHAL EAST,1717.14,70900.0,12687.61,11418.85,1061.76,9.3,10354.32
MANIPUR,IMPHAL WEST,1709.92,51900.0,8745.21,7870.7,830.08,10.55,7037.41
MANIPUR,SENAPATI,,327100.0,0.0,0.0,,,0.0
MANIPUR,TAMENGLONG,,439100.0,0.0,0.0,,,0.0
MANIPUR,THOUBAL,1276.78,51400.0,6414.81,5773.32,664.67,11.51,5106.05
MANIPUR,UKHRUL,,454400.0,0.0,0.0,,,0.0
MEGHALAYA,EAST GARO HILLS,2975.0,144300.0,8492.75,7643.46,346.1,4.53,7155.46
MEGHALAYA,EAST JAINTIA HILLS,2320.0,204000.0,16795.91,15116.31,233.74,1.55,14783.34
MEGHALAYA,EAST KHASI HILLS,4032.0,274800.0,21817.41,19635.67,698.2,3.56,18721.36
MEGHALAYA,NORTH GARO HILLS,2803.0,116000.0,8729.72,7743.68,498.71,6.44,7089.68
MEGHALAYA,RI BHOI,2030.0,244800.0,6483.7,5835.34,354.81,6.08,5315.44
MEGHALAYA,SOUTH GARO HILLS,4210.0,188700.0,23473.66,21126.28,256.98,1.22,20769.33
MEGHALAYA,SOUTH WEST GARO HILLS,1634.0,86600.0,4674.95,3875.98,766.44,19.77,3075.26
MEGHALAYA,SOUTH WEST KHASI HILLS,3918.0,134100.0,14333.11,12899.8,138.03,1.07,12703.33
MEGHALAYA,WEST GARO HILLS,2678.0,281100.0,21959.48,19046.95,3673.9,19.29,14962.77
MEGHALAYA,WEST JAINTIA HILLS,2320.0,177900.0,11163.47,10047.12,611.3,6.08,9090.66
MEGHALAYA,WEST KHASI HILLS,4062.0,390600.0,33965.4,30568.85,463.41,1.52,29894.79
MIZORAM,AIZAWL,2204.46,357600.0,1523.15,1370.81,200.55,14.63,1160.59
MIZORAM,CHAMPHAI,1728.0,318500.0,1581.83,1423.64,44.58,3.13,1377.93
MIZORAM,KOLASIB,2205.0,138200.0,2776.48,2498.83,31.63,1.27,2465.47
MIZORAM,LAWNGTLAI,2022.0,255700.0,3377.38,3039.64,104.27,3.43,2926.27
MIZORAM,LUNGLEI,2092.0,455700.0,4941.16,4447.04,191.48,4.31,4252.31
MIZORAM,MAMIT,2242.0,300400.0,5176.35,4658.72,102.76,2.21,4545.83
MIZORAM,SAIHA,2262.0,139900.0,772.73,695.46,40.44,5.81,653.62
MIZORAM,SERCHHIP,1747.0,142100.0,911.64,820.47,48.24,5.88,770.64
NAGALAND,DIMAPUR,1744.96,92700.0,22709.24,20998.07,1409.31,6.71,19333.63
NAGALAND,KIPHIRE,1074.1,113000.0,580.17,522.15,9.16,1.75,512.99
NAGALAND,KOHIMA,1779.3,146300.0,3081.44,2773.3,216.16,7.79,2494.47
NAGALAND,LONGLENG,1879.5,56200.0,1544.21,1389.8,6.56,0.47,1381.23
NAGALAND,MOKOKCHUNG,2080.4,161500.0,6244.81,5620.3,95.41,1.7,5524.89
NAGALAND,MON,1469.1,178600.0,4430.39,3987.36,146.64,3.68,3840.72
NAGALAND,PEREN,1394.2,165100.0,4503.54,4053.17,171.37,4.23,3877.27
NAGALAND,PHEK,1295.1,202600.0,1181.42,1063.27,37.68,3.54,1020.98
NAGALAND,TUENSANG,2079.5,253600.0,1453.61,1308.25,46.74,3.57,1258.41
NAGALAND,WOKHA,2166.76,162800.0,7633.83,6870.44,178.15,2.59,6685.9
NAGALAND,ZUNHEBOTO,2080.4,125500.0,1896.07,1706.45,58.96,3.46,1647.49
ODISHA,ANGUL,1290.86,639346.0,58358.37,54664.46,29736.25,54.4,23172.6
ODISHA,BALASORE,1715.34,382061.0,165830.11,153301.09,80004.64,59.63,52127.25
ODISHA,BARGARH,1259.38,584545.0,66696.93,62297.82,34982.65,56.15,27164.85
ODISHA,BHADRAK,1511.88,252236.0,94667.87,85822.55,37378.8,60.92,20745.22
ODISHA,BOLANGIR,1226.93,656196.0,61160.77,56413.43,29461.8,52.22,24495.78
ODISHA,BOUDH,1312.14,310998.0,25627.25,23513.27,10910.73,46.4,12259.2
ODISHA,CUTTACK,1577.94,372859.0,77198.67,69962.19,33128.96,47.35,35593.89
ODISHA,DEOGARH,1317.69,296264.0,33191.96,29872.78,17407.68,58.27,12296.08
ODISHA,DHENKANAL,1428.17,447581.0,48093.4,44585.69,17206.52,38.59,26863.37
ODISHA,GAJAPATI,1379.91,433221.0,22241.32,20130.53,7348.41,36.5,12566.56
ODISHA,GANJAM,1296.04,823437.0,106707.57,97262.63,42665.22,44.65,49871.56
ODISHA,JAGATSINGHPUR,1475.25,188988.0,65673.24,59380.8,29811.32,58.82,18798.96
ODISHA,JAJPUR,1644.91,286459.0,61163.4,56651.33,36066.1,65.57,17415.45
ODISHA,JHARSUGUDA,1314.08,212227.0,20634.61,19094.1,10028.58,52.52,8119.13
ODISHA,KALAHANDI,1479.63,791435.0,67181.31,61812.0,27910.16,45.15,32713.54
ODISHA,KANDHAMAL,1648.77,804007.0,36841.44,33919.23,11071.62,32.64,22512.6
ODISHA,KENDRAPARA,1540.17,226344.0,62582.67,57237.09,15767.15,64.65,5648.53
ODISHA,KEONJHAR,1386.31,833982.0,92226.42,84166.31,38723.56,46.01,44028.17
ODISHA,KHURDA,1429.01,288977.0,47389.07,43154.49,27673.38,64.13,15759.58
ODISHA,KORAPUT,1519.37,856171.0,56138.31,51538.16,13823.65,26.82,36573.7
ODISHA,MALKANGIRI,1476.39,524946.0,36841.79,33788.51,7125.68,21.09,26040.48
ODISHA,MAYURBHANJ,1522.68,1052572.0,146831.34,135783.67,61947.88,45.62,72356.57
ODISHA,NABARANGAPUR,1570.81,565581.0,59725.41,54268.87,21035.29,38.76,32308.63
ODISHA,NAYAGARH,1409.63,391041.0,38223.34,35442.41,17102.61,48.25,18139.48
ODISHA,NUAPADA,1120.57,385308.0,33500.67,30772.51,19878.14,64.6,10519.36
ODISHA,PURI,1520.62,258611.0,75844.71,69514.59,34813.18,54.85,26839.69
ODISHA,RAYAGADA,1337.43,728198.0,35090.0,32194.4,12200.58,37.9,19393.44
ODISHA,SAMBALPUR,1423.59,662280.0,65770.35,60178.39,21259.33,35.33,38461.88
ODISHA,SUBARNAPUR,1335.28,236709.0,28067.67,25818.64,13660.32,52.91,11955.61
ODISHA,SUNDARGARH,1279.92,975069.0,88166.29,81752.38,37705.38,46.12,42315.88
PUDUCHERRY,KARAIKAL,779.94,16100.0,4424.01,3981.6,1493.24,37.5,2280.67
PUDUCHERRY,PUDUCHERRY,1481.12,32200.0,14671.75,13458.02,11758.13,87.37,1158.92
PUNJAB,AMRITSAR,646.27,267640.0,139004.6,124711.65,199943.98,160.33,0.0
PUNJAB,BARNALA,517.97,141301.0,54325.57,48893.01,107249.28,219.36,0.0
PUNJAB,BATHINDA,377.93,337424.0,151267.13,136140.41,168370.87,128.04,15825.45
PUNJAB,FARIDKOT,398.97,147598.0,79836.1,73807.64,79675.04,119.22,1157.49
PUNJAB,FATEHGARH SAHIB,685.1,114246.0,39729.99,35756.99,65125.37,182.13,0.0
PUNJAB,FAZILKA,369.07,273954.0,127334.95,114601.43,73924.14,65.18,28856.59
PUNJAB,FIROZPUR,428.7,251953.0,164611.29,149516.88,157398.44,108.86,12315.8
PUNJAB,GURDASPUR,819.72,261425.0,154067.08,136765.79,165672.55,121.14,5056.75
PUNJAB,HOSHIARPUR,840.13,336871.0,90479.81,80412.83,100362.62,124.81,8480.95
PUNJAB,JALANDHAR,625.09,262999.0,95776.84,86196.69,242359.13,281.17,0.0
PUNJAB,KAPURTHALA,620.45,162875.0,62665.8,56633.74,137596.23,242.96,0.0
PUNJAB,LUDHIANA,581.08,370715.0,136489.67,123365.4,240136.75,194.65,0.0
PUNJAB,MALERKOTLA,570.22,74529.0,21593.08,19433.77,58676.84,301.93,0.0
PUNJAB,MANSA,404.55,216862.0,120780.75,108702.67,112472.93,108.71,6849.35
PUNJAB,MOGA,454.25,223096.0,78037.92,70205.36,163329.59,233.09,0.0
PUNJAB,MUKTSAR,394.37,263428.0,166703.07,151033.06,70633.77,27.81,69490.46
PUNJAB,PATHANKOT,1156.97,95077.0,48104.68,43294.2,17773.52,41.05,25427.83
PUNJAB,PATIALA,657.55,331847.0,101074.45,91440.82,189026.55,208.53,0.0
PUNJAB,RUPNAGAR,839.74,137653.0,41898.64,39343.06,36509.16,92.8,7723.12
PUNJAB,SANGRUR,495.82,285796.0,70252.95,63227.66,195997.9,309.99,0.0
PUNJAB,SAS NAGAR,743.48,109383.0,22650.41,20385.37,23831.21,116.9,889.16
PUNJAB,SBS NAGAR,761.29,125961.0,54201.08,49633.83,56868.62,115.21,3754.6
PUNJAB,TARN TARAN,544.85,241835.0,70108.95,65592.76,132817.11,202.49,0.0
RAJASTHAN,AJMER,534.38,887668.0,37312.12,33580.91,46389.72,138.14,0.0
RAJASTHAN,ALWAR,671.0,872046.0,82721.78,74449.62,131026.01,182.14,0.0
RAJASTHAN,BANSWARA,956.59,453608.0,23225.14,20902.62,14554.39,69.63,6531.65
RAJASTHAN,BARAN,935.36,695531.0,64889.22,58400.26,78786.08,134.91,2560.35
RAJASTHAN,BARMER,329.18,2857858.0,69044.27,62572.43,54677.69,134.5,1497.82
RAJASTHAN,BHARATPUR,662.1,501042.0,55523.77,49971.38,48918.04,116.72,0.0
RAJASTHAN,BHILWARA,657.64,1045500.0,45313.86,40782.47,63541.4,155.81,891.21
RAJASTHAN,BIKANER,338.23,3038177.0,62753.26,56477.94,39646.01,140.57,4603.17
RAJASTHAN,BUNDI,723.41,550000.0,36047.3,32730.29,31390.4,95.91,6430.2
RAJASTHAN,CHITTAURGARH,807.81,788000.0,34798.2,31318.37,50693.12,161.86,98.15
RAJASTHAN,CHURU,213.29,1379301.0,22296.61,20478.99,20029.38,128.88,1651.42
RAJASTHAN,DAUSA,676.21,342017.0,27982.31,25184.08,58589.26,232.64,0.0
RAJASTHAN,DHAULPUR,720.59,300905.0,28673.96,25806.56,35620.82,138.03,1290.79
RAJASTHAN,DUNGARPUR,779.31,377077.0,22696.67,20426.97,12502.23,61.2,7924.74
RAJASTHAN,GANGANAGAR,251.15,1114159.0,149315.58,135615.63,34522.85,40.37,25814.52
RAJASTHAN,HANUMANGARH,322.17,957960.0,96930.29,88422.92,48724.98,65.35,7130.25
RAJASTHAN,JAIPUR,610.14,1106144.0,80440.05,72772.12,154900.23,217.01,0.0
RAJASTHAN,JAISALMER,212.57,3814500.0,54914.61,49423.14,36358.78,321.84,0.0
RAJASTHAN,JALOR,477.76,1064000.0,60141.99,54997.0,82368.14,178.14,315.08
RAJASTHAN,JHALAWAR,979.07,633722.0,59090.67,53536.01,56709.65,105.93,6916.95
RAJASTHAN,JHUNJHUNU,506.89,588584.0,25409.15,22868.22,51213.49,227.55,0.0
RAJASTHAN,JODHPUR,329.59,2225000.0,51524.6,46894.05,97732.52,254.97,185.0
RAJASTHAN,KARAULI,715.62,567290.0,36325.58,32693.0,48873.77,149.49,2075.5
RAJASTHAN,KOTA,827.35,520394.0,52465.22,47218.69,52406.72,110.99,3967.74
RAJASTHAN,NAGAUR,443.17,1771826.0,70903.93,64206.5,113211.43,187.24,239.56
RAJASTHAN,PALI,550.44,1235700.0,47598.11,42855.85,53903.81,158.32,1955.05
RAJASTHAN,PRATAPGARH,1039.38,435980.0,23448.34,21103.49,27259.76,129.17,966.9
RAJASTHAN,RAJSAMAND,643.91,463546.0,12510.96,11259.85,13586.56,120.66,639.86
RAJASTHAN,SAWAI MADHOPUR,777.22,502065.0,46369.32,41732.38,63478.28,152.11,0.0
RAJASTHAN,SIKAR,520.52,788085.0,38924.66,35246.25,66965.44,191.35,789.93
RAJASTHAN,SIROHI,669.29,513600.0,31013.49,27912.11,33298.27,119.3,602.27
RAJASTHAN,TONK,632.65,720006.0,49724.95,44994.37,41215.96,91.42,6222.28
RAJASTHAN,UDAIPUR,724.69,1176060.0,33242.71,29950.69,29973.72,100.08,1944.28
SIKKIM,GANGTOK,2756.4,67197.0,6816.66,6134.97,409.7,6.68,5701.94
SIKKIM,GYALSINGH,2041.7,89195.0,3791.57,3412.42,237.59,6.96,3170.79
SIKKIM,MANGAN,2738.8,423642.0,3716.59,3344.94,104.98,3.14,3238.33
SIKKIM,NAMCHI,2203.5,73130.0,3545.96,3191.38,213.91,6.7,2968.83
SIKKIM,PAKYONG,2756.4,28456.0,5022.81,4520.53,220.16,4.87,4292.83
SIKKIM,SORENG,2041.7,28988.0,1270.97,1143.87,90.05,7.87,1050.31
TAMILNADU,ARIYALUR,987.74,193398.14,41042.19,37340.9,18106.13,48.49,19293.7
TAMILNADU,CHENGALPATTU,1274.17,262590.15,69092.36,62841.99,40364.83,64.23,21783.96
TAMILNADU,CHENNAI,1453.24,44628.48,9796.45,8917.3,10854.47,121.72,805.19
TAMILNADU,COIMBATORE,971.57,367097.94,62299.85,56285.05,51695.65,91.85,21377.04
TAMILNADU,CUDDALORE,1273.37,364674.0,117797.3,106943.73,67686.36,63.29,46001.41
TAMILNADU,DHARMAPURI,868.78,342998.87,52997.05,47941.74,42963.53,89.62,7849.03
TAMILNADU,DINDIGUL,853.81,626664.15,59520.62,53634.62,62994.42,117.45,9113.96
TAMILNADU,ERODE,713.33,347765.12,91114.03,82174.7,63104.41,76.79,25855.34
TAMILNADU,KALLAKURICHCHI,1048.5,315545.31,64714.9,59018.77,47833.39,81.05,13307.89
TAMILNADU,KANCHEEPURAM,1245.06,170479.04,59146.68,53542.69,26188.01,48.91,26882.2
TAMILNADU,KANNIYAKUMARI,1292.67,117817.0,35905.07,32314.57,4448.77,13.77,27731.87
TAMILNADU,KARUR,644.6,289556.64,32348.59,29198.92,30110.06,103.12,6075.14
TAMILNADU,KRISHNAGIRI,792.98,407556.3,55820.64,50471.35,46623.35,92.38,7408.06
TAMILNADU,MADURAI,866.54,361667.99,75949.6,70769.07,49878.95,70.48,22673.54
TAMILNADU,MAYILADUTHURAI,1327.38,117358.24,46504.6,41854.17,54925.17,116.62,2833.98
TAMILNADU,NAGAPATTINAM,1363.19,154225.0,71757.51,64581.75,31499.27,0.0,0.0
TAMILNADU,NAMAKKAL,706.73,294211.83,58167.4,52433.66,60747.37,115.86,8981.76
TAMILNADU,PERAMBALUR,893.56,168696.16,28883.8,25995.4,27517.06,105.85,7949.88
TAMILNADU,PUDUKKOTTAI,835.39,450794.32,113437.48,102093.71,47462.04,49.31,47699.18
TAMILNADU,RAMANATHAPURAM,770.65,408957.04,73364.05,66027.64,7701.87,10.99,47711.78
TAMILNADU,RANIPET,1040.43,175601.0,32956.13,30121.8,25462.52,84.53,4947.4
TAMILNADU,SALEM,883.38,417426.89,52746.78,47530.82,70120.4,147.53,9731.85
TAMILNADU,SIVAGANGAI,885.48,418900.12,78005.55,70428.15,18338.08,26.04,48359.63
TAMILNADU,TENKASI,811.39,288243.83,59542.48,53665.79,40910.3,76.23,21304.56
TAMILNADU,THANJAVUR,1033.33,339657.88,125987.79,113690.05,115676.69,101.75,15261.99
TAMILNADU,THE NILGIRIS,1801.78,254484.94,7962.18,7165.96,916.18,12.79,4366.47
TAMILNADU,THENI,760.12,257654.12,29973.89,26976.5,22560.19,83.63,7914.97
TAMILNADU,THIRUVARUR,1210.48,209709.2,88696.95,79827.24,26045.37,53.76,22868.33
TAMILNADU,THOOTHUKUDI,620.63,463601.62,85873.57,77503.52,21384.64,27.59,55411.0
TAMILNADU,TIRUCHIRAPPALLI,751.48,420777.28,70901.83,64242.73,54416.71,84.7,23562.33
TAMILNADU,TIRUNELVELI,965.08,387606.2,87693.14,79000.72,32380.76,40.99,46719.91
TAMILNADU,TIRUPATHUR,801.28,116180.78,10778.77,9712.9,13877.23,142.87,157.68
TAMILNADU,TIRUPPUR,632.27,472629.17,70233.78,63407.92,54494.93,85.94,18345.92
TAMILNADU,TIRUVALLUR,1237.59,323954.94,83435.22,76473.75,42225.58,55.39,29017.55
TAMILNADU,TIRUVANNAMALAI,1073.22,479405.37,112302.91,101557.73,87283.91,85.95,18628.41
TAMILNADU,VELLORE,970.6,132023.81,20193.72,18174.31,22127.51,121.75,665.1
TAMILNADU,VILLUPURAM,1042.85,379169.43,104448.92,94473.26,80616.18,85.33,15719.39
TAMILNADU,VIRUDHUNAGAR,777.86,432941.14,57903.23,52189.79,33569.66,64.32,18955.23
TELANGANA,ADILABAD,1267.5,415300.0,56345.48,51020.35,20616.71,40.41,30401.45
TELANGANA,BHADRADRI KOTHAGUDEM,1188.2,748234.58,111787.53,101107.48,33305.65,32.94,70376.61
TELANGANA,HANUMAKONDA,989.32,167421.61,53386.81,48180.65,29322.31,60.86,20016.86
TELANGANA,HYDERABAD,828.1,21782.0,6782.51,6165.55,6061.83,98.32,1057.75
TELANGANA,JAGTIAL,1014.26,298479.22,77545.95,70054.71,25138.14,35.88,43025.29
TELANGANA,JANGAON,893.56,164135.0,31320.19,28686.15,17186.81,59.91,11314.03
TELANGANA,JAYASHANKAR BHUPALAPALLY,1066.6,236301.31,52161.95,47212.31,20210.32,42.81,27422.38
TELANGANA,JOGULAMBA GADWAL,578.02,261041.0,48968.77,44338.54,13301.68,30.0,31383.02
TELANGANA,KAMAREDDY,999.86,366677.35,72035.94,65195.21,33054.31,50.7,37052.05
TELANGANA,KARIMNAGAR,905.13,210981.92,93807.34,84651.12,28201.9,33.32,56886.12
TELANGANA,KHAMMAM,1036.62,436128.06,118206.67,106946.61,45685.64,42.72,62600.95
TELANGANA,KOMARAMBHEEM ASIFABAD,1135.34,429544.0,62574.97,56791.34,11895.52,20.95,44548.16
TELANGANA,MAHABUBABAD,1548.24,343571.23,71141.15,64250.08,36263.58,56.44,28347.08
TELANGANA,MAHABUBNAGAR,649.26,265350.6,36356.76,33058.38,25179.69,76.17,9347.05
TELANGANA,MANCHERIAL,1045.6,410526.0,97040.61,88258.31,36912.82,41.82,47683.28
TELANGANA,MEDAK,840.94,275129.51,54800.75,49497.25,34425.94,69.55,16488.46
TELANGANA,MEDCHAL MALKAJGIRI,767.7,108713.1,10797.3,9736.91,7177.96,73.72,3250.33
TELANGANA,MULUG,1375.01,302641.39,60403.35,54650.14,13804.67,25.26,37985.99
TELANGANA,NAGARKURNOOL,663.03,635840.52,96485.58,87476.46,35058.64,40.08,53374.71
TELANGANA,NALGONDA,697.34,712103.0,141870.31,128247.44,63153.93,49.24,69253.24
TELANGANA,NARAYANPET,610.35,231810.98,33720.72,30535.49,11755.47,38.5,18108.06
TELANGANA,NIRMAL,1054.71,362829.0,75188.99,68160.8,25568.97,37.51,42571.78
TELANGANA,NIZAMABAD,978.89,418368.53,102441.21,92714.62,52094.18,56.19,38969.2
TELANGANA,PEDDAPALLE,1013.56,216818.69,52198.98,47233.35,22190.24,46.98,25176.0
TELANGANA,RAJANNA SIRICILLA,887.74,190382.0,45627.58,41408.46,28776.17,69.49,13249.13
TELANGANA,RANGAREDDY,713.02,504873.42,55910.16,50532.72,34397.63,68.07,18610.96
TELANGANA,SANGAREDDY,862.52,378368.58,39290.95,35537.97,17360.4,48.85,19081.92
TELANGANA,SIDDIPET,772.61,365178.84,55203.37,49695.51,34168.15,68.76,15813.63
TELANGANA,SURYAPET,779.74,361584.0,114424.16,103271.29,30974.16,29.99,71640.77
TELANGANA,VIKARABAD,744.42,367398.9,36390.24,32751.0,19865.71,60.66,12252.41
TELANGANA,WANAPARTHY,631.95,219024.96,70848.35,64149.3,28357.28,44.21,35548.0
TELANGANA,WARANGAL,1013.52,176610.41,55989.26,50602.5,29399.27,58.1,21644.34
TELANGANA,YADADRI BHUVANAGIRI,744.47,345447.15,76461.84,69137.42,48128.23,69.61,25096.14
TRIPURA,DHALAI,2424.33,231489.0,20618.55,18379.79,1350.98,7.35,16745.36
TRIPURA,GOMATI,2174.79,161705.0,24719.52,22197.08,1303.37,5.87,20727.92
TRIPURA,KHOWAI,2223.92,101245.0,12422.8,11160.92,825.27,7.39,10233.29
TRIPURA,NORTH TRIPURA,2541.07,135792.0,10425.41,9047.45,1103.5,12.2,7716.79
TRIPURA,SEPAHIJALA,2035.59,104392.0,20267.62,17980.61,1620.66,9.01,16200.85
TRIPURA,SOUTH TRIPURA,2449.44,151201.0,24757.74,22036.47,2291.98,10.4,19569.22
TRIPURA,UNAKOTI,2391.53,65703.0,9264.95,8224.49,854.23,10.39,7218.8
TRIPURA,WEST TRIPURA,2046.3,97642.0,16809.08,15144.27,3147.56,20.78,11586.29
UTTAR PRADESH,AGRA,614.65,394717.0,93215.88,85942.74,95735.64,111.39,5594.16
UTTAR PRADESH,ALIGARH,667.47,380843.0,100279.82,92580.14,74294.47,80.25,20215.9
UTTAR PRADESH,AMBEDKAR NAGAR,1013.3,245898.0,80587.88,72529.08,45735.12,63.06,26607.6
UTTAR PRADESH,AMETHI,853.0,232992.0,89749.68,80774.72,53212.99,65.88,27338.47
UTTAR PRADESH,AMROHA,902.59,214903.0,54379.02,49625.42,46188.96,93.08,5384.89
UTTAR PRADESH,AURAIYA,624.88,209427.0,68490.26,61641.22,38837.92,63.01,22686.3
UTTAR PRADESH,AYODHYA,952.71,252201.0,94402.09,85522.8,52978.71,61.95,32123.63
UTTAR PRADESH,AZAMGARH,900.26,417119.0,140338.55,126528.4,74930.73,59.22,50856.1
UTTAR PRADESH,BAGPAT,674.76,135138.96,35303.81,32081.15,30768.84,95.91,3740.65
UTTAR PRADESH,BAHRAICH,1158.8,438725.0,154378.54,144373.29,84292.74,58.39,59644.12
UTTAR PRADESH,BALLIA,922.03,292700.0,95164.94,86175.47,53394.68,61.96,32165.24
UTTAR PRADESH,BALRAMPUR,1065.2,334857.0,109666.19,100110.51,55020.66,54.96,44739.27
UTTAR PRADESH,BANDA,943.2,440460.0,72535.27,66271.54,44351.63,66.92,21758.98
UTTAR PRADESH,BARABANKI,978.39,389132.0,211251.69,190876.2,118642.63,62.16,71835.79
UTTAR PRADESH,BAREILLY,877.86,412000.0,117703.77,109695.62,78584.16,71.64,32743.82
UTTAR PRADESH,BASTI,1110.78,293807.0,84153.46,76066.16,49242.62,64.74,26586.77
UTTAR PRADESH,BIJNOR,1053.5,458903.0,151939.17,137113.52,95178.89,69.42,40173.94
UTTAR PRADESH,BUDAUN,784.54,423788.0,80131.64,74009.11,58756.07,79.39,13836.3
UTTAR PRADESH,BULANDSHAHAR,673.13,360947.0,161654.81,147761.22,137622.32,93.14,15063.62
UTTAR PRADESH,CHANDAULI,949.06,188369.0,56558.43,51566.6,31158.47,60.42,19372.29
UTTAR PRADESH,CHITRAKOOT,943.2,300665.0,43662.7,39296.43,31896.76,81.17,6651.45
UTTAR PRADESH,DEORIA,1019.38,253800.0,145336.37,132028.48,83220.53,63.03,47585.13
UTTAR PRADESH,ETAH,658.23,242757.0,87429.4,79836.9,56819.33,71.17,22099.27
UTTAR PRADESH,ETAWAH,587.48,240301.0,72536.18,65899.89,34974.15,53.07,30155.5
UTTAR PRADESH,FARRUKHABAD,753.48,220623.0,49998.85,46069.36,34277.7,74.4,11647.54
UTTAR PRADESH,FATEHPUR,746.9,425255.0,120160.17,109693.65,78830.51,71.86,28692.91
UTTAR PRADESH,FIROZABAD,656.92,241953.0,87376.4,78955.13,78052.14,98.86,12026.77
UTTAR PRADESH,G.B.NAGAR,537.16,144273.0,51526.54,46373.89,48788.68,105.21,3989.09
UTTAR PRADESH,GHAZIABAD,729.83,116914.0,42164.11,37947.69,46960.59,123.75,1580.85
UTTAR PRADESH,GHAZIPUR,853.77,330052.0,105256.94,95066.39,58040.18,61.05,35232.78
UTTAR PRADESH,GONDA,1047.0,399609.0,129657.58,117614.43,71785.85,61.03,42343.52
UTTAR PRADESH,GORAKHPUR,1338.3,321087.0,181460.81,165518.29,104081.13,62.88,59180.99
UTTAR PRADESH,HAMIRPUR,735.88,381540.0,46299.65,41669.66,27526.49,66.06,14107.99
UTTAR PRADESH,HAPUR,788.32,114481.0,52783.13,47504.82,44619.39,93.93,2885.36
UTTAR PRADESH,HARDOI,816.35,594843.0,180165.63,165087.04,101602.9,61.55,61251.95
UTTAR PRADESH,HATHRAS,618.98,183799.0,72469.6,66556.11,60873.71,91.46,9797.08
UTTAR PRADESH,JALAUN,687.2,456583.0,104640.75,94786.97,53916.35,56.88,40779.92
UTTAR PRADESH,JAUNPUR,901.72,399094.0,134242.65,122753.44,86239.68,70.25,32594.17
UTTAR PRADESH,JHANSI,764.99,502400.0,73579.1,66830.74,44178.51,66.11,22508.67
UTTAR PRADESH,KANNAUJ,714.62,214346.0,63122.93,57680.48,45638.15,79.12,17650.57
UTTAR PRADESH,KANPUR DEHAT,726.51,323737.0,85971.7,77374.53,55203.43,71.35,22100.46
UTTAR PRADESH,KANPUR NAGAR,709.6,309483.0,89298.66,81068.99,63708.3,78.59,16690.77
UTTAR PRADESH,KASGANJ,724.77,199388.0,72108.66,67626.4,46938.44,69.41,20505.29
UTTAR PRADESH,KAUSHAMBI,846.45,178001.0,51753.77,46578.39,37782.21,81.12,9936.3
UTTAR PRADESH,KUSHI NAGAR,1112.0,287378.0,179683.06,163725.97,84133.48,51.39,79105.58
UTTAR PRADESH,LAKHIMPUR KHERI,1130.0,655505.0,231799.24,215721.94,131553.57,60.98,83174.64
UTTAR PRADESH,LALITPUR,909.89,503923.0,40943.54,37797.65,31381.66,83.03,6229.05
UTTAR PRADESH,LUCKNOW,879.83,244196.0,75967.34,70463.26,47993.17,68.11,23956.47
UTTAR PRADESH,MAHOBA,809.7,229341.0,32027.99,28825.19,25594.22,88.79,3388.7
UTTAR PRADESH,MAHRAJGANJ,1389.1,247760.0,105464.12,97903.64,62785.74,64.13,34118.61
UTTAR PRADESH,MAINPURI,659.74,276072.0,94276.97,84849.27,61645.89,72.65,23486.95
UTTAR PRADESH,MATHURA,556.89,336078.0,136361.74,124992.54,88669.77,70.94,35500.01
UTTAR PRADESH,MAUNATH BHANJAN,897.3,171624.0,50758.96,45957.75,29752.76,64.74,15810.85
UTTAR PRADESH,MEERUT,856.89,281049.0,87473.24,80421.9,63441.9,78.89,18822.15
UTTAR PRADESH,MIRZAPUR,973.1,452085.0,61617.66,55752.0,35145.17,63.04,19891.42
UTTAR PRADESH,MORADABAD,902.59,224944.0,71151.24,64036.11,55270.63,86.31,11739.88
UTTAR PRADESH,MUZAFFARNAGAR,869.1,275666.0,110519.87,101944.23,81226.46,79.68,21625.81
UTTAR PRADESH,PILIBHIT,1201.27,336959.0,106333.37,98513.11,61421.64,62.35,36616.19
UTTAR PRADESH,PRATAPGARH,837.75,371743.0,143562.48,130448.05,99611.88,76.36,30400.84
UTTAR PRADESH,PRAYAGRAJ,843.09,547000.0,142827.39,129118.65,94739.87,73.37,33197.99
UTTAR PRADESH,RAIBARELI,748.3,392458.0,126603.0,116451.13,69245.99,59.46,44965.92
UTTAR PRADESH,RAMPUR,1051.61,229790.0,83349.91,75304.73,53109.77,70.53,21983.94
UTTAR PRADESH,SAHARANPUR,1102.65,368941.0,143766.2,134849.64,130375.89,96.68,21012.39
UTTAR PRADESH,SAMBHAL,784.54,241520.0,47945.64,44596.7,38576.2,86.5,4254.06
UTTAR PRADESH,SANT KABIR NAGAR,1253.92,164699.0,54076.46,48668.81,29471.29,60.55,17985.63
UTTAR PRADESH,SANT RAVIDAS NAGAR,949.6,101500.0,87722.28,79248.39,59124.75,74.61,19455.22
UTTAR PRADESH,SHAHJAHANPUR,898.18,458131.0,132343.71,121135.38,75062.88,61.97,45440.1
UTTAR PRADESH,SHAMLI,869.1,136126.0,47686.32,43931.99,44155.72,100.51,943.56
UTTAR PRADESH,SHRAWASTI,1184.51,185782.0,59745.44,53770.9,31413.96,58.42,22107.32
UTTAR PRADESH,SIDDHARTH NAGAR,1158.57,289503.0,95871.42,87618.99,55977.81,63.89,30737.77
UTTAR PRADESH,SITAPUR,991.26,574695.0,208860.24,191490.38,111199.82,58.07,79156.08
UTTAR PRADESH,SONBHADRA,973.09,680957.52,60010.03,54228.49,26690.85,49.22,25912.75
UTTAR PRADESH,SULTANPUR,887.59,265381.0,95197.3,86077.22,53591.19,62.26,30951.27
UTTAR PRADESH,UNNAO,765.68,460234.0,177055.55,160946.83,98827.48,61.4,59190.43
UTTAR PRADESH,VARANASI,925.78,160532.0,52818.88,47536.97,42426.39,89.25,7750.36
UTTARAKHAND,DEHRADUN,2183.6,187492.75,56677.03,51009.32,20431.0,40.05,29167.39
UTTARAKHAND,HARIDWAR,1020.0,229309.87,47343.11,43422.85,28501.58,65.64,12705.54
UTTARAKHAND,NAINITAL,1711.0,236547.43,28901.38,26011.24,14105.23,54.23,10872.02
UTTARAKHAND,UDHAMSINGH NAGAR,1465.3,267065.99,79591.5,74756.36,42206.67,56.46,26388.87
WEST BENGAL,ALIPURDUAR,3468.3,237597.0,129084.49,116176.02,12981.17,11.17,101882.19
WEST BENGAL,BANKURA,1330.9,688001.0,160694.25,147036.71,59437.76,40.42,87496.3
WEST BENGAL,BIRBHUM,1392.8,454809.0,112487.96,103094.32,34464.15,33.43,66451.77
WEST BENGAL,DAKSHIN DINAJPUR,1584.9,224036.0,113266.82,102169.85,62222.5,60.9,39362.68
WEST BENGAL,DARJILING,3118.5,223231.0,42363.13,38126.81,3323.45,8.72,34438.76
WEST BENGAL,HAORA,1600.0,132355.0,22904.41,21190.22,4358.87,20.57,15585.29
WEST BENGAL,HUGLI,1476.1,300371.0,128457.02,116406.2,62710.62,53.87,51510.45
WEST BENGAL,JALPAIGURI,3468.3,340219.0,188378.35,169540.51,20353.68,12.01,137357.2
WEST BENGAL,JHARGRAM,1535.5,302060.0,102188.24,94154.65,23607.35,25.07,70072.12
WEST BENGAL,KALIMPONG,3118.5,105360.0,4004.81,3604.32,64.97,1.8,3538.11
WEST BENGAL,KOCH BIHAR,3284.1,339637.0,207201.8,186481.62,86164.64,46.21,98652.48
WEST BENGAL,KOLKATTA,1623.6,18700.0,0.0,0.0,,,0.0
WEST BENGAL,MALDA,1449.7,323886.0,117843.44,106801.68,36167.96,33.86,66533.44
WEST BENGAL,MURSHIDABAD,1433.2,513338.0,195441.72,180970.34,105680.05,58.4,69072.73
WEST BENGAL,NADIA,1443.8,391270.0,194912.04,176494.48,144473.85,81.86,28761.35
WEST BENGAL,NORTH 24 PARGANAS,1623.6,387233.0,151432.08,138984.52,97709.84,70.3,39552.91
WEST BENGAL,PASCHIM BARDDHAMAN,1348.2,159165.0,24168.2,21955.99,11851.12,53.98,9249.16
WEST BENGAL,PASCHIM MEDINIPUR,1535.5,631677.0,240759.01,218332.66,116439.91,53.33,99759.67
WEST BENGAL,PURBA BARDDHAMAN,1348.2,543269.0,202308.0,183612.97,96267.52,52.43,86753.21
WEST BENGAL,PURBA MEDINIPUR,1669.6,380995.0,67069.14,60362.23,22020.83,36.48,36459.26
WEST BENGAL,PURULIYA,1363.3,619313.0,59047.56,53142.82,9458.18,17.8,41614.39
WEST BENGAL,SOUTH 24 PARGANAS,1623.6,551301.0,0.0,0.0,,,0.0
WEST BENGAL,UTTAR DINAJPUR,1922.3,319283.0,121388.68,111027.15,52014.09,46.85,55985.61
